"EventID","MachineName","Data","Index","Category","CategoryNumber","EntryType","Message","Source","ReplacementStrings","InstanceId","TimeGenerated","TimeWritten","UserName","Site","Container"
"10001","DESKTOP-M50Q44R","System.Byte[]","993","(0)","0","Information","Ending session 1 started 2023-11-16T02:07:07.659240400Z.","Microsoft-Windows-RestartManager","System.String[]","10001","11/15/2023 9:07:07 PM","11/15/2023 9:07:07 PM","DESKTOP-M50Q44R\champuser",,
"10000","DESKTOP-M50Q44R","System.Byte[]","992","(0)","0","Information","Starting session 1 - 2023-11-16T02:07:07.659240400Z.","Microsoft-Windows-RestartManager","System.String[]","10000","11/15/2023 9:07:07 PM","11/15/2023 9:07:07 PM","DESKTOP-M50Q44R\champuser",,
"15","DESKTOP-M50Q44R","System.Byte[]","991","(0)","0","Information","Updated Windows Defender status successfully to SECURITY_PRODUCT_STATE_ON.","SecurityCenter","System.String[]","15","11/15/2023 7:53:48 PM","11/15/2023 7:53:48 PM",,,
"15","DESKTOP-M50Q44R","System.Byte[]","990","(0)","0","Information","Updated Windows Defender status successfully to SECURITY_PRODUCT_STATE_ON.","SecurityCenter","System.String[]","15","11/15/2023 7:53:48 PM","11/15/2023 7:53:48 PM",,,
"15","DESKTOP-M50Q44R","System.Byte[]","989","(0)","0","Information","Updated Windows Defender status successfully to SECURITY_PRODUCT_STATE_ON.","SecurityCenter","System.String[]","15","11/15/2023 7:53:32 PM","11/15/2023 7:53:32 PM",,,
"15","DESKTOP-M50Q44R","System.Byte[]","988","(0)","0","Information","Updated Windows Defender status successfully to SECURITY_PRODUCT_STATE_ON.","SecurityCenter","System.String[]","15","11/15/2023 7:53:32 PM","11/15/2023 7:53:32 PM",,,
"16384","DESKTOP-M50Q44R","System.Byte[]","987","(0)","0","Information","Successfully scheduled Software Protection service for re-start at 2023-11-17T00:40:56Z. Reason: RulesEngine.","Software Protection Platform Service","System.String[]","1073758208","11/15/2023 7:51:56 PM","11/15/2023 7:51:56 PM",,,
"16394","DESKTOP-M50Q44R","System.Byte[]","986","(0)","0","Information","Offline downlevel migration succeeded.","Software Protection Platform Service","System.String[]","3221241866","11/15/2023 7:51:16 PM","11/15/2023 7:51:16 PM",,,
"8224","DESKTOP-M50Q44R","System.Byte[]","985","(0)","0","Information","The VSS service is shutting down due to idle timeout.
","VSS","System.String[]","8224","11/15/2023 7:44:13 PM","11/15/2023 7:44:13 PM",,,
"16384","DESKTOP-M50Q44R","System.Byte[]","984","(0)","0","Information","Successfully scheduled Software Protection service for re-start at 2023-11-17T00:40:47Z. Reason: RulesEngine.","Software Protection Platform Service","System.String[]","1073758208","11/15/2023 7:43:47 PM","11/15/2023 7:43:47 PM",,,
"15","DESKTOP-M50Q44R","System.Byte[]","983","(0)","0","Information","Updated Windows Defender status successfully to SECURITY_PRODUCT_STATE_ON.","SecurityCenter","System.String[]","15","11/15/2023 7:43:15 PM","11/15/2023 7:43:15 PM",,,
"15","DESKTOP-M50Q44R","System.Byte[]","982","(0)","0","Information","Updated Windows Defender status successfully to SECURITY_PRODUCT_STATE_ON.","SecurityCenter","System.String[]","15","11/15/2023 7:43:15 PM","11/15/2023 7:43:15 PM",,,
"1","DESKTOP-M50Q44R","System.Byte[]","981","(0)","0","Information","The Windows Security Center Service has started.","SecurityCenter","System.String[]","1","11/15/2023 7:43:13 PM","11/15/2023 7:43:13 PM",,,
"16394","DESKTOP-M50Q44R","System.Byte[]","980","(0)","0","Information","Offline downlevel migration succeeded.","Software Protection Platform Service","System.String[]","3221241866","11/15/2023 7:43:12 PM","11/15/2023 7:43:12 PM",,,
"900","DESKTOP-M50Q44R","System.Byte[]","979","(0)","0","Information","The Software Protection service is starting.
Parameters:<explicit>","Software Protection Platform Service","System.String[]","1073742724","11/15/2023 7:43:12 PM","11/15/2023 7:43:12 PM",,,
"903","DESKTOP-M50Q44R","System.Byte[]","978","(0)","0","0","The Software Protection service has stopped.
","Software Protection Platform Service","System.String[]","1073742727","11/15/2023 7:42:32 PM","11/15/2023 7:42:32 PM",,,
"16384","DESKTOP-M50Q44R","System.Byte[]","977","(0)","0","Information","Successfully scheduled Software Protection service for re-start at 2023-11-17T00:41:32Z. Reason: RulesEngine.","Software Protection Platform Service","System.String[]","1073758208","11/15/2023 7:42:32 PM","11/15/2023 7:42:32 PM",,,
"8198","DESKTOP-M50Q44R","System.Byte[]","976","(0)","0","Error","License Activation (slui.exe) failed with the following error code:
hr=0xC004F074
Command-line arguments:
RuleId=eeba1977-569e-4571-b639-7623d8bfecc0;Action=AutoActivate;AppId=55c92734-d682-4d71-983e-d6ec3f16059f;SkuId=32d2fab3-e4a8-42c2-923b-4bf4fd13e6ee;NotificationInterval=1440;Trigger=NetworkAvailable","Software Protection Platform Service","System.String[]","3221233670","11/15/2023 7:42:02 PM","11/15/2023 7:42:02 PM",,,
"1003","DESKTOP-M50Q44R","System.Byte[]","975","(0)","0","Information","The Software Protection service has completed licensing status check.
Application Id=55c92734-d682-4d71-983e-d6ec3f16059f
Licensing Status=
1: 0724cb7d-3437-4cb7-93cb-830375d0079d, 1, 0 [(0 [0xC004F014, 0, 0], [(?)(?)(?)(?)(?)(?)(?)(?)])(1 )(2 )(3 )]
2: 135c4b88-f555-4779-abf6-4c1365d279b6, 1, 0 [(0 [0xC004F014, 0, 0], [(?)(?)(?)(?)(?)(?)(?)(?)])(1 )(2 )(3 )]
3: 30a42c86-b7a0-4a34-8c90-ff177cb2acb7, 1, 0 [(0 [0xC004F014, 0, 0], [(?)(?)(?)(?)(?)(?)(?)(?)])(1 )(2 )(3 )]
4: 32d2fab3-e4a8-42c2-923b-4bf4fd13e6ee, 1, 1 [(0 [0xC004E003, 0, 0], [( 2 0xC004F056 0 0 msft:rm/algorithm/volume/1.0 0x00000000 0)( 1 0x00000000)(?)( 2 0xC004F056 0 0 msft:rm/algorithm/volume/1.0 0x00000000 0)(?)(?)(?)(?)])(1 )(2 )(3 [0x00000000, 0, 0], [( 6 0xC004F009 0 0)( 1 0x00000000)( 6 0xC004F009 0 0)(?)(?)(?)( 10 0x00000000 msft:rm/algorithm/flags/1.0)( 11 0x00000000 0xC004F056)])]
5: 60b3ec1b-9545-4921-821f-311b129dd6f6, 1, 0 [(0 [0xC004F014, 0, 0], [(?)(?)(?)(?)(?)(?)(?)(?)])(1 )(2 )(3 )]
6: 632ffa10-3b75-4180-aed9-4e799a44563b, 1, 0 [(0 [0xC004F014, 0, 0], [(?)(?)(?)(?)(?)(?)(?)(?)])(1 )(2 )(3 )]
7: 7a802526-4c94-4bd1-ba14-835a1aca2120, 1, 0 [(0 [0xC004F014, 0, 0], [(?)(?)(?)(?)(?)(?)(?)(?)])(1 )(2 )(3 )]
8: 90da7373-1c51-430b-bf26-c97e9c5cdc31, 1, 0 [(0 [0xC004F014, 0, 0], [(?)(?)(?)(?)(?)(?)(?)(?)])(1 )(2 )(3 )]
9: 97348f2f-bebc-4653-a4bd-18a895d316d9, 1, 0 [(0 [0xC004F014, 0, 0], [(?)(?)(?)(?)(?)(?)(?)(?)])(1 )(2 )(3 )]
10: d06934ee-5448-4fd1-964a-cd077618aa06, 1, 0 [(0 [0xC004F014, 0, 0], [(?)(?)(?)(?)(?)(?)(?)(?)])(1 )(2 )(3 )]
11: d552befb-48cc-4327-8f39-47d2d94f987c, 1, 0 [(0 [0xC004F014, 0, 0], [(?)(?)(?)(?)(?)(?)(?)(?)])(1 )(2 )(3 )]
12: ed655016-a9e8-4434-95d9-4345352c2552, 1, 0 [(0 [0xC004F014, 0, 0], [(?)(?)(?)(?)(?)(?)(?)(?)])(1 )(2 )(3 )]

","Software Protection Platform Service","System.String[]","1073742827","11/15/2023 7:42:02 PM","11/15/2023 7:42:02 PM",,,
"1003","DESKTOP-M50Q44R","System.Byte[]","974","(0)","0","Information","The Software Protection service has completed licensing status check.
Application Id=55c92734-d682-4d71-983e-d6ec3f16059f
Licensing Status=
1: 0724cb7d-3437-4cb7-93cb-830375d0079d, 1, 0 [(0 [0xC004F014, 0, 0], [(?)(?)(?)(?)(?)(?)(?)(?)])(1 )(2 )(3 )]
2: 135c4b88-f555-4779-abf6-4c1365d279b6, 1, 0 [(0 [0xC004F014, 0, 0], [(?)(?)(?)(?)(?)(?)(?)(?)])(1 )(2 )(3 )]
3: 30a42c86-b7a0-4a34-8c90-ff177cb2acb7, 1, 0 [(0 [0xC004F014, 0, 0], [(?)(?)(?)(?)(?)(?)(?)(?)])(1 )(2 )(3 )]
4: 32d2fab3-e4a8-42c2-923b-4bf4fd13e6ee, 1, 1 [(0 [0xC004E003, 0, 0], [( 2 0xC004F056 0 0 msft:rm/algorithm/volume/1.0 0x00000000 0)( 1 0x00000000)(?)( 2 0xC004F056 0 0 msft:rm/algorithm/volume/1.0 0x00000000 0)(?)(?)(?)(?)])(1 )(2 )(3 [0x00000000, 0, 0], [( 6 0xC004F009 0 0)( 1 0x00000000)( 6 0xC004F009 0 0)(?)(?)(?)( 10 0x00000000 msft:rm/algorithm/flags/1.0)( 11 0x00000000 0xC004F056)])]
5: 60b3ec1b-9545-4921-821f-311b129dd6f6, 1, 0 [(0 [0xC004F014, 0, 0], [(?)(?)(?)(?)(?)(?)(?)(?)])(1 )(2 )(3 )]
6: 632ffa10-3b75-4180-aed9-4e799a44563b, 1, 0 [(0 [0xC004F014, 0, 0], [(?)(?)(?)(?)(?)(?)(?)(?)])(1 )(2 )(3 )]
7: 7a802526-4c94-4bd1-ba14-835a1aca2120, 1, 0 [(0 [0xC004F014, 0, 0], [(?)(?)(?)(?)(?)(?)(?)(?)])(1 )(2 )(3 )]
8: 90da7373-1c51-430b-bf26-c97e9c5cdc31, 1, 0 [(0 [0xC004F014, 0, 0], [(?)(?)(?)(?)(?)(?)(?)(?)])(1 )(2 )(3 )]
9: 97348f2f-bebc-4653-a4bd-18a895d316d9, 1, 0 [(0 [0xC004F014, 0, 0], [(?)(?)(?)(?)(?)(?)(?)(?)])(1 )(2 )(3 )]
10: d06934ee-5448-4fd1-964a-cd077618aa06, 1, 0 [(0 [0xC004F014, 0, 0], [(?)(?)(?)(?)(?)(?)(?)(?)])(1 )(2 )(3 )]
11: d552befb-48cc-4327-8f39-47d2d94f987c, 1, 0 [(0 [0xC004F014, 0, 0], [(?)(?)(?)(?)(?)(?)(?)(?)])(1 )(2 )(3 )]
12: ed655016-a9e8-4434-95d9-4345352c2552, 1, 0 [(0 [0xC004F014, 0, 0], [(?)(?)(?)(?)(?)(?)(?)(?)])(1 )(2 )(3 )]

","Software Protection Platform Service","System.String[]","1073742827","11/15/2023 7:42:02 PM","11/15/2023 7:42:02 PM",,,
"12288","DESKTOP-M50Q44R","System.Byte[]","973","(0)","0","Information","The client has sent an activation request to the key management service machine.
Info:
0xC0020017, 0x00000000, promethium.champlain.edu:1688, be76e034-6561-414b-b75a-2306349cc9d0, 2023/11/16 00:41, 1, 5, 0, 32d2fab3-e4a8-42c2-923b-4bf4fd13e6ee, 25","Software Protection Platform Service","System.String[]","1073754112","11/15/2023 7:42:02 PM","11/15/2023 7:42:02 PM",,,
"8198","DESKTOP-M50Q44R","System.Byte[]","972","(0)","0","Error","License Activation (slui.exe) failed with the following error code:
hr=0xC004F074
Command-line arguments:
RuleId=eeba1977-569e-4571-b639-7623d8bfecc0;Action=AutoActivate;AppId=55c92734-d682-4d71-983e-d6ec3f16059f;SkuId=32d2fab3-e4a8-42c2-923b-4bf4fd13e6ee;NotificationInterval=1440;Trigger=UserLogon;SessionId=1","Software Protection Platform Service","System.String[]","3221233670","11/15/2023 7:42:00 PM","11/15/2023 7:42:00 PM",,,
"1003","DESKTOP-M50Q44R","System.Byte[]","971","(0)","0","Information","The Software Protection service has completed licensing status check.
Application Id=55c92734-d682-4d71-983e-d6ec3f16059f
Licensing Status=
1: 0724cb7d-3437-4cb7-93cb-830375d0079d, 1, 0 [(0 [0xC004F014, 0, 0], [(?)(?)(?)(?)(?)(?)(?)(?)])(1 )(2 )(3 )]
2: 135c4b88-f555-4779-abf6-4c1365d279b6, 1, 0 [(0 [0xC004F014, 0, 0], [(?)(?)(?)(?)(?)(?)(?)(?)])(1 )(2 )(3 )]
3: 30a42c86-b7a0-4a34-8c90-ff177cb2acb7, 1, 0 [(0 [0xC004F014, 0, 0], [(?)(?)(?)(?)(?)(?)(?)(?)])(1 )(2 )(3 )]
4: 32d2fab3-e4a8-42c2-923b-4bf4fd13e6ee, 1, 1 [(0 [0xC004E003, 0, 0], [( 2 0xC004F056 0 0 msft:rm/algorithm/volume/1.0 0x00000000 0)( 1 0x00000000)(?)( 2 0xC004F056 0 0 msft:rm/algorithm/volume/1.0 0x00000000 0)(?)(?)(?)(?)])(1 )(2 )(3 [0x00000000, 0, 0], [( 6 0xC004F009 0 0)( 1 0x00000000)( 6 0xC004F009 0 0)(?)(?)(?)( 10 0x00000000 msft:rm/algorithm/flags/1.0)( 11 0x00000000 0xC004F056)])]
5: 60b3ec1b-9545-4921-821f-311b129dd6f6, 1, 0 [(0 [0xC004F014, 0, 0], [(?)(?)(?)(?)(?)(?)(?)(?)])(1 )(2 )(3 )]
6: 632ffa10-3b75-4180-aed9-4e799a44563b, 1, 0 [(0 [0xC004F014, 0, 0], [(?)(?)(?)(?)(?)(?)(?)(?)])(1 )(2 )(3 )]
7: 7a802526-4c94-4bd1-ba14-835a1aca2120, 1, 0 [(0 [0xC004F014, 0, 0], [(?)(?)(?)(?)(?)(?)(?)(?)])(1 )(2 )(3 )]
8: 90da7373-1c51-430b-bf26-c97e9c5cdc31, 1, 0 [(0 [0xC004F014, 0, 0], [(?)(?)(?)(?)(?)(?)(?)(?)])(1 )(2 )(3 )]
9: 97348f2f-bebc-4653-a4bd-18a895d316d9, 1, 0 [(0 [0xC004F014, 0, 0], [(?)(?)(?)(?)(?)(?)(?)(?)])(1 )(2 )(3 )]
10: d06934ee-5448-4fd1-964a-cd077618aa06, 1, 0 [(0 [0xC004F014, 0, 0], [(?)(?)(?)(?)(?)(?)(?)(?)])(1 )(2 )(3 )]
11: d552befb-48cc-4327-8f39-47d2d94f987c, 1, 0 [(0 [0xC004F014, 0, 0], [(?)(?)(?)(?)(?)(?)(?)(?)])(1 )(2 )(3 )]
12: ed655016-a9e8-4434-95d9-4345352c2552, 1, 0 [(0 [0xC004F014, 0, 0], [(?)(?)(?)(?)(?)(?)(?)(?)])(1 )(2 )(3 )]

","Software Protection Platform Service","System.String[]","1073742827","11/15/2023 7:42:00 PM","11/15/2023 7:42:00 PM",,,
"1003","DESKTOP-M50Q44R","System.Byte[]","970","(0)","0","Information","The Software Protection service has completed licensing status check.
Application Id=55c92734-d682-4d71-983e-d6ec3f16059f
Licensing Status=
1: 0724cb7d-3437-4cb7-93cb-830375d0079d, 1, 0 [(0 [0xC004F014, 0, 0], [(?)(?)(?)(?)(?)(?)(?)(?)])(1 )(2 )(3 )]
2: 135c4b88-f555-4779-abf6-4c1365d279b6, 1, 0 [(0 [0xC004F014, 0, 0], [(?)(?)(?)(?)(?)(?)(?)(?)])(1 )(2 )(3 )]
3: 30a42c86-b7a0-4a34-8c90-ff177cb2acb7, 1, 0 [(0 [0xC004F014, 0, 0], [(?)(?)(?)(?)(?)(?)(?)(?)])(1 )(2 )(3 )]
4: 32d2fab3-e4a8-42c2-923b-4bf4fd13e6ee, 1, 1 [(0 [0xC004E003, 0, 0], [( 2 0xC004F056 0 0 msft:rm/algorithm/volume/1.0 0x00000000 0)( 1 0x00000000)(?)( 2 0xC004F056 0 0 msft:rm/algorithm/volume/1.0 0x00000000 0)(?)(?)(?)(?)])(1 )(2 )(3 [0x00000000, 0, 0], [( 6 0xC004F009 0 0)( 1 0x00000000)( 6 0xC004F009 0 0)(?)(?)(?)( 10 0x00000000 msft:rm/algorithm/flags/1.0)( 11 0x00000000 0xC004F056)])]
5: 60b3ec1b-9545-4921-821f-311b129dd6f6, 1, 0 [(0 [0xC004F014, 0, 0], [(?)(?)(?)(?)(?)(?)(?)(?)])(1 )(2 )(3 )]
6: 632ffa10-3b75-4180-aed9-4e799a44563b, 1, 0 [(0 [0xC004F014, 0, 0], [(?)(?)(?)(?)(?)(?)(?)(?)])(1 )(2 )(3 )]
7: 7a802526-4c94-4bd1-ba14-835a1aca2120, 1, 0 [(0 [0xC004F014, 0, 0], [(?)(?)(?)(?)(?)(?)(?)(?)])(1 )(2 )(3 )]
8: 90da7373-1c51-430b-bf26-c97e9c5cdc31, 1, 0 [(0 [0xC004F014, 0, 0], [(?)(?)(?)(?)(?)(?)(?)(?)])(1 )(2 )(3 )]
9: 97348f2f-bebc-4653-a4bd-18a895d316d9, 1, 0 [(0 [0xC004F014, 0, 0], [(?)(?)(?)(?)(?)(?)(?)(?)])(1 )(2 )(3 )]
10: d06934ee-5448-4fd1-964a-cd077618aa06, 1, 0 [(0 [0xC004F014, 0, 0], [(?)(?)(?)(?)(?)(?)(?)(?)])(1 )(2 )(3 )]
11: d552befb-48cc-4327-8f39-47d2d94f987c, 1, 0 [(0 [0xC004F014, 0, 0], [(?)(?)(?)(?)(?)(?)(?)(?)])(1 )(2 )(3 )]
12: ed655016-a9e8-4434-95d9-4345352c2552, 1, 0 [(0 [0xC004F014, 0, 0], [(?)(?)(?)(?)(?)(?)(?)(?)])(1 )(2 )(3 )]

","Software Protection Platform Service","System.String[]","1073742827","11/15/2023 7:42:00 PM","11/15/2023 7:42:00 PM",,,
"12288","DESKTOP-M50Q44R","System.Byte[]","969","(0)","0","Information","The client has sent an activation request to the key management service machine.
Info:
0xC0020017, 0x00000000, promethium.champlain.edu:1688, be76e034-6561-414b-b75a-2306349cc9d0, 2023/11/16 00:41, 1, 5, 0, 32d2fab3-e4a8-42c2-923b-4bf4fd13e6ee, 25","Software Protection Platform Service","System.String[]","1073754112","11/15/2023 7:41:59 PM","11/15/2023 7:41:59 PM",,,
"12288","DESKTOP-M50Q44R","System.Byte[]","968","(0)","0","Information","The client has sent an activation request to the key management service machine.
Info:
0xC0020017, 0x00000000, promethium.champlain.edu:1688, be76e034-6561-414b-b75a-2306349cc9d0, 2023/11/16 00:41, 1, 5, 0, 32d2fab3-e4a8-42c2-923b-4bf4fd13e6ee, 25","Software Protection Platform Service","System.String[]","1073754112","11/15/2023 7:41:38 PM","11/15/2023 7:41:38 PM",,,
"6000","DESKTOP-M50Q44R","System.Byte[]","967","(0)","0","Information","The winlogon notification subscriber <SessionEnv> was unavailable to handle a notification event.","Wlclntfy","System.String[]","2147489648","11/15/2023 7:41:35 PM","11/15/2023 7:41:35 PM",,,
"6003","DESKTOP-M50Q44R","System.Byte[]","966","(0)","0","Information","The winlogon notification subscriber <SessionEnv> was unavailable to handle a critical notification event.","Wlclntfy","System.String[]","2147489651","11/15/2023 7:41:35 PM","11/15/2023 7:41:35 PM",,,
"257","DESKTOP-M50Q44R","System.Byte[]","965","General","1","Error","The ""vmStatsProvider"" can not be initialized.
""vmGuestLib"" returns error ""VMware Guest API is not enabled on the host"" (3).","vmStatsProvider","System.String[]","3221356801","11/15/2023 7:41:35 PM","11/15/2023 7:41:35 PM",,,
"259","DESKTOP-M50Q44R","System.Byte[]","964","Guest Library API","2","Error","Unable to start ""vmGuestLibrary"".
Error: ""VMware Guest API is not enabled on the host"" (3).","vmStatsProvider","System.String[]","3221356803","11/15/2023 7:41:35 PM","11/15/2023 7:41:35 PM",,,
"257","DESKTOP-M50Q44R","System.Byte[]","963","General","1","Error","The ""vmStatsProvider"" can not be initialized.
""vmGuestLib"" returns error ""VMware Guest API is not enabled on the host"" (3).","vmStatsProvider","System.String[]","3221356801","11/15/2023 7:41:35 PM","11/15/2023 7:41:35 PM",,,
"259","DESKTOP-M50Q44R","System.Byte[]","962","Guest Library API","2","Error","Unable to start ""vmGuestLibrary"".
Error: ""VMware Guest API is not enabled on the host"" (3).","vmStatsProvider","System.String[]","3221356803","11/15/2023 7:41:35 PM","11/15/2023 7:41:35 PM",,,
"5617","DESKTOP-M50Q44R","System.Byte[]","961","(0)","0","Information","Windows Management Instrumentation Service subsystems initialized successfully","Microsoft-Windows-WMI","System.String[]","5617","11/15/2023 7:41:13 PM","11/15/2023 7:41:13 PM","NT AUTHORITY\SYSTEM",,
"902","DESKTOP-M50Q44R","System.Byte[]","960","(0)","0","0","The Software Protection service has started.
10.0.17763.2989","Software Protection Platform Service","System.String[]","1073742726","11/15/2023 7:41:14 PM","11/15/2023 7:41:14 PM",,,
"1003","DESKTOP-M50Q44R","System.Byte[]","959","(0)","0","Information","The Software Protection service has completed licensing status check.
Application Id=55c92734-d682-4d71-983e-d6ec3f16059f
Licensing Status=
1: 0724cb7d-3437-4cb7-93cb-830375d0079d, 1, 0 [(0 [0xC004F014, 0, 0], [(?)(?)(?)(?)(?)(?)(?)(?)])(1 )(2 )(3 )]
2: 135c4b88-f555-4779-abf6-4c1365d279b6, 1, 0 [(0 [0xC004F014, 0, 0], [(?)(?)(?)(?)(?)(?)(?)(?)])(1 )(2 )(3 )]
3: 30a42c86-b7a0-4a34-8c90-ff177cb2acb7, 1, 0 [(0 [0xC004F014, 0, 0], [(?)(?)(?)(?)(?)(?)(?)(?)])(1 )(2 )(3 )]
4: 32d2fab3-e4a8-42c2-923b-4bf4fd13e6ee, 1, 1 [(0 [0xC004E003, 0, 0], [( 2 0xC004F056 0 0 msft:rm/algorithm/volume/1.0 0x00000000 0)( 1 0x00000000)(?)( 2 0xC004F056 0 0 msft:rm/algorithm/volume/1.0 0x00000000 0)(?)(?)(?)(?)])(1 )(2 )(3 [0x00000000, 0, 0], [( 6 0xC004F009 0 0)( 1 0x00000000)( 6 0xC004F009 0 0)(?)(?)(?)( 10 0x00000000 msft:rm/algorithm/flags/1.0)( 11 0x00000000 0xC004F056)])]
5: 60b3ec1b-9545-4921-821f-311b129dd6f6, 1, 0 [(0 [0xC004F014, 0, 0], [(?)(?)(?)(?)(?)(?)(?)(?)])(1 )(2 )(3 )]
6: 632ffa10-3b75-4180-aed9-4e799a44563b, 1, 0 [(0 [0xC004F014, 0, 0], [(?)(?)(?)(?)(?)(?)(?)(?)])(1 )(2 )(3 )]
7: 7a802526-4c94-4bd1-ba14-835a1aca2120, 1, 0 [(0 [0xC004F014, 0, 0], [(?)(?)(?)(?)(?)(?)(?)(?)])(1 )(2 )(3 )]
8: 90da7373-1c51-430b-bf26-c97e9c5cdc31, 1, 0 [(0 [0xC004F014, 0, 0], [(?)(?)(?)(?)(?)(?)(?)(?)])(1 )(2 )(3 )]
9: 97348f2f-bebc-4653-a4bd-18a895d316d9, 1, 0 [(0 [0xC004F014, 0, 0], [(?)(?)(?)(?)(?)(?)(?)(?)])(1 )(2 )(3 )]
10: d06934ee-5448-4fd1-964a-cd077618aa06, 1, 0 [(0 [0xC004F014, 0, 0], [(?)(?)(?)(?)(?)(?)(?)(?)])(1 )(2 )(3 )]
11: d552befb-48cc-4327-8f39-47d2d94f987c, 1, 0 [(0 [0xC004F014, 0, 0], [(?)(?)(?)(?)(?)(?)(?)(?)])(1 )(2 )(3 )]
12: ed655016-a9e8-4434-95d9-4345352c2552, 1, 0 [(0 [0xC004F014, 0, 0], [(?)(?)(?)(?)(?)(?)(?)(?)])(1 )(2 )(3 )]

","Software Protection Platform Service","System.String[]","1073742827","11/15/2023 7:41:14 PM","11/15/2023 7:41:14 PM",,,
"1066","DESKTOP-M50Q44R","System.Byte[]","958","(0)","0","Information","Initialization status for service objects.
C:\Windows\system32\sppwinob.dll, msft:spp/windowsfunctionality/agent/7.0, 0x00000000, 0x00000000
C:\Windows\system32\sppobjs.dll, msft:rm/algorithm/inherited/1.0, 0x00000000, 0x00000000
C:\Windows\system32\sppobjs.dll, msft:rm/algorithm/phone/1.0, 0x00000000, 0x00000000
C:\Windows\system32\sppobjs.dll, msft:rm/algorithm/pkey/detect, 0x00000000, 0x00000000
C:\Windows\system32\sppobjs.dll, msft:spp/ActionScheduler/1.0, 0x00000000, 0x00000000
C:\Windows\system32\sppobjs.dll, msft:spp/TaskScheduler/1.0, 0x00000000, 0x00000000
C:\Windows\system32\sppobjs.dll, msft:spp/statecollector/pkey, 0x00000000, 0x00000000
C:\Windows\system32\sppobjs.dll, msft:spp/volume/services/kms/1.0, 0x00000000, 0x00000000
C:\Windows\system32\sppobjs.dll, msft:spp/volume/services/kms/activationinfo/1.0, 0x00000000, 0x00000000
","Software Protection Platform Service","System.String[]","1073742890","11/15/2023 7:41:14 PM","11/15/2023 7:41:14 PM",,,
"16394","DESKTOP-M50Q44R","System.Byte[]","957","(0)","0","Information","Offline downlevel migration succeeded.","Software Protection Platform Service","System.String[]","3221241866","11/15/2023 7:41:14 PM","11/15/2023 7:41:14 PM",,,
"900","DESKTOP-M50Q44R","System.Byte[]","956","(0)","0","Information","The Software Protection service is starting.
Parameters:TriggerStarted:6","Software Protection Platform Service","System.String[]","1073742724","11/15/2023 7:41:14 PM","11/15/2023 7:41:14 PM",,,
"271","DESKTOP-M50Q44R","System.Byte[]","955","(0)","0","Information","Restored network configuration.","VMUpgradeHelper","System.String[]","271","11/15/2023 7:41:13 PM","11/15/2023 7:41:13 PM",,,
"258","DESKTOP-M50Q44R","System.Byte[]","954","(0)","0","Information","Restoring network configuration.","VMUpgradeHelper","System.String[]","258","11/15/2023 7:41:13 PM","11/15/2023 7:41:13 PM",,,
"4202","DESKTOP-M50Q44R","System.Byte[]","953","(2)","2","Information","The description for Event ID '1073746026' in Source 'MSDTC 2' cannot be found.  The local computer may not have the necessary registry information or message DLL files to display the message, or you may not have permission to access them.  The following information is part of the event:'0', '0', '0', '0', '0', '0', '1', 'Mutual Authentication Required', 'NT AUTHORITY\NetworkService', '0', '0', '1'","MSDTC 2","System.String[]","1073746026","11/15/2023 7:41:13 PM","11/15/2023 7:41:13 PM",,,
"5611","DESKTOP-M50Q44R","System.Byte[]","952","(0)","0","Information","The Windows Management Instrumentation service has detected an inconsistent system shutdown.","Microsoft-Windows-WMI","System.String[]","5611","11/15/2023 7:41:12 PM","11/15/2023 7:41:12 PM","NT AUTHORITY\SYSTEM",,
"781","DESKTOP-M50Q44R","System.Byte[]","951","(0)","0","Information","The description for Event ID '1073742605' in Source 'COM+' cannot be found.  The local computer may not have the necessary registry information or message DLL files to display the message, or you may not have permission to access them.  The following information is part of the event:'86400', 'SuppressDuplicateDuration', 'Software\Microsoft\COM3\Eventlog'","COM+","System.String[]","1073742605","11/15/2023 7:41:12 PM","11/15/2023 7:41:12 PM",,,
"5615","DESKTOP-M50Q44R","System.Byte[]","950","(0)","0","Information","Windows Management Instrumentation Service started sucessfully","Microsoft-Windows-WMI","System.String[]","5615","11/15/2023 7:41:11 PM","11/15/2023 7:41:11 PM","NT AUTHORITY\SYSTEM",,
"105","DESKTOP-M50Q44R","System.Byte[]","949","(0)","0","Information","The service was started.","VMTools","System.String[]","105","11/15/2023 7:41:11 PM","11/15/2023 7:41:11 PM",,,
"1531","DESKTOP-M50Q44R","System.Byte[]","948","(0)","0","Information","The User Profile Service has started successfully.  

","Microsoft-Windows-User Profiles Service","System.String[]","1531","11/15/2023 7:41:09 PM","11/15/2023 7:41:09 PM","NT AUTHORITY\SYSTEM",,
"4625","DESKTOP-M50Q44R","System.Byte[]","947","(0)","0","Information","The description for Event ID '1073746449' in Source 'EventSystem' cannot be found.  The local computer may not have the necessary registry information or message DLL files to display the message, or you may not have permission to access them.  The following information is part of the event:'86400', 'SuppressDuplicateDuration', 'Software\Microsoft\EventSystem\EventLog'","EventSystem","System.String[]","1073746449","11/15/2023 7:41:08 PM","11/15/2023 7:41:08 PM",,,
"16384","DESKTOP-M50Q44R","System.Byte[]","946","(0)","0","Information","Successfully scheduled Software Protection service for re-start at 2023-11-17T00:29:37Z. Reason: RulesEngine.","Software Protection Platform Service","System.String[]","1073758208","11/15/2023 7:31:37 PM","11/15/2023 7:31:37 PM",,,
"8198","DESKTOP-M50Q44R","System.Byte[]","945","(0)","0","Error","License Activation (slui.exe) failed with the following error code:
hr=0xC004F074
Command-line arguments:
RuleId=eeba1977-569e-4571-b639-7623d8bfecc0;Action=AutoActivate;AppId=55c92734-d682-4d71-983e-d6ec3f16059f;SkuId=32d2fab3-e4a8-42c2-923b-4bf4fd13e6ee;NotificationInterval=1440;Trigger=NetworkAvailable","Software Protection Platform Service","System.String[]","3221233670","11/15/2023 7:31:07 PM","11/15/2023 7:31:07 PM",,,
"1003","DESKTOP-M50Q44R","System.Byte[]","944","(0)","0","Information","The Software Protection service has completed licensing status check.
Application Id=55c92734-d682-4d71-983e-d6ec3f16059f
Licensing Status=
1: 0724cb7d-3437-4cb7-93cb-830375d0079d, 1, 0 [(0 [0xC004F014, 0, 0], [(?)(?)(?)(?)(?)(?)(?)(?)])(1 )(2 )(3 )]
2: 135c4b88-f555-4779-abf6-4c1365d279b6, 1, 0 [(0 [0xC004F014, 0, 0], [(?)(?)(?)(?)(?)(?)(?)(?)])(1 )(2 )(3 )]
3: 30a42c86-b7a0-4a34-8c90-ff177cb2acb7, 1, 0 [(0 [0xC004F014, 0, 0], [(?)(?)(?)(?)(?)(?)(?)(?)])(1 )(2 )(3 )]
4: 32d2fab3-e4a8-42c2-923b-4bf4fd13e6ee, 1, 1 [(0 [0xC004E003, 0, 0], [( 2 0xC004F056 0 0 msft:rm/algorithm/volume/1.0 0x00000000 0)( 1 0x00000000)(?)( 2 0xC004F056 0 0 msft:rm/algorithm/volume/1.0 0x00000000 0)(?)(?)(?)(?)])(1 )(2 )(3 [0x00000000, 0, 0], [( 6 0xC004F009 0 0)( 1 0x00000000)( 6 0xC004F009 0 0)(?)(?)(?)( 10 0x00000000 msft:rm/algorithm/flags/1.0)( 11 0x00000000 0xC004F056)])]
5: 60b3ec1b-9545-4921-821f-311b129dd6f6, 1, 0 [(0 [0xC004F014, 0, 0], [(?)(?)(?)(?)(?)(?)(?)(?)])(1 )(2 )(3 )]
6: 632ffa10-3b75-4180-aed9-4e799a44563b, 1, 0 [(0 [0xC004F014, 0, 0], [(?)(?)(?)(?)(?)(?)(?)(?)])(1 )(2 )(3 )]
7: 7a802526-4c94-4bd1-ba14-835a1aca2120, 1, 0 [(0 [0xC004F014, 0, 0], [(?)(?)(?)(?)(?)(?)(?)(?)])(1 )(2 )(3 )]
8: 90da7373-1c51-430b-bf26-c97e9c5cdc31, 1, 0 [(0 [0xC004F014, 0, 0], [(?)(?)(?)(?)(?)(?)(?)(?)])(1 )(2 )(3 )]
9: 97348f2f-bebc-4653-a4bd-18a895d316d9, 1, 0 [(0 [0xC004F014, 0, 0], [(?)(?)(?)(?)(?)(?)(?)(?)])(1 )(2 )(3 )]
10: d06934ee-5448-4fd1-964a-cd077618aa06, 1, 0 [(0 [0xC004F014, 0, 0], [(?)(?)(?)(?)(?)(?)(?)(?)])(1 )(2 )(3 )]
11: d552befb-48cc-4327-8f39-47d2d94f987c, 1, 0 [(0 [0xC004F014, 0, 0], [(?)(?)(?)(?)(?)(?)(?)(?)])(1 )(2 )(3 )]
12: ed655016-a9e8-4434-95d9-4345352c2552, 1, 0 [(0 [0xC004F014, 0, 0], [(?)(?)(?)(?)(?)(?)(?)(?)])(1 )(2 )(3 )]

","Software Protection Platform Service","System.String[]","1073742827","11/15/2023 7:31:07 PM","11/15/2023 7:31:07 PM",,,
"1003","DESKTOP-M50Q44R","System.Byte[]","943","(0)","0","Information","The Software Protection service has completed licensing status check.
Application Id=55c92734-d682-4d71-983e-d6ec3f16059f
Licensing Status=
1: 0724cb7d-3437-4cb7-93cb-830375d0079d, 1, 0 [(0 [0xC004F014, 0, 0], [(?)(?)(?)(?)(?)(?)(?)(?)])(1 )(2 )(3 )]
2: 135c4b88-f555-4779-abf6-4c1365d279b6, 1, 0 [(0 [0xC004F014, 0, 0], [(?)(?)(?)(?)(?)(?)(?)(?)])(1 )(2 )(3 )]
3: 30a42c86-b7a0-4a34-8c90-ff177cb2acb7, 1, 0 [(0 [0xC004F014, 0, 0], [(?)(?)(?)(?)(?)(?)(?)(?)])(1 )(2 )(3 )]
4: 32d2fab3-e4a8-42c2-923b-4bf4fd13e6ee, 1, 1 [(0 [0xC004E003, 0, 0], [( 2 0xC004F056 0 0 msft:rm/algorithm/volume/1.0 0x00000000 0)( 1 0x00000000)(?)( 2 0xC004F056 0 0 msft:rm/algorithm/volume/1.0 0x00000000 0)(?)(?)(?)(?)])(1 )(2 )(3 [0x00000000, 0, 0], [( 6 0xC004F009 0 0)( 1 0x00000000)( 6 0xC004F009 0 0)(?)(?)(?)( 10 0x00000000 msft:rm/algorithm/flags/1.0)( 11 0x00000000 0xC004F056)])]
5: 60b3ec1b-9545-4921-821f-311b129dd6f6, 1, 0 [(0 [0xC004F014, 0, 0], [(?)(?)(?)(?)(?)(?)(?)(?)])(1 )(2 )(3 )]
6: 632ffa10-3b75-4180-aed9-4e799a44563b, 1, 0 [(0 [0xC004F014, 0, 0], [(?)(?)(?)(?)(?)(?)(?)(?)])(1 )(2 )(3 )]
7: 7a802526-4c94-4bd1-ba14-835a1aca2120, 1, 0 [(0 [0xC004F014, 0, 0], [(?)(?)(?)(?)(?)(?)(?)(?)])(1 )(2 )(3 )]
8: 90da7373-1c51-430b-bf26-c97e9c5cdc31, 1, 0 [(0 [0xC004F014, 0, 0], [(?)(?)(?)(?)(?)(?)(?)(?)])(1 )(2 )(3 )]
9: 97348f2f-bebc-4653-a4bd-18a895d316d9, 1, 0 [(0 [0xC004F014, 0, 0], [(?)(?)(?)(?)(?)(?)(?)(?)])(1 )(2 )(3 )]
10: d06934ee-5448-4fd1-964a-cd077618aa06, 1, 0 [(0 [0xC004F014, 0, 0], [(?)(?)(?)(?)(?)(?)(?)(?)])(1 )(2 )(3 )]
11: d552befb-48cc-4327-8f39-47d2d94f987c, 1, 0 [(0 [0xC004F014, 0, 0], [(?)(?)(?)(?)(?)(?)(?)(?)])(1 )(2 )(3 )]
12: ed655016-a9e8-4434-95d9-4345352c2552, 1, 0 [(0 [0xC004F014, 0, 0], [(?)(?)(?)(?)(?)(?)(?)(?)])(1 )(2 )(3 )]

","Software Protection Platform Service","System.String[]","1073742827","11/15/2023 7:31:07 PM","11/15/2023 7:31:07 PM",,,
"12288","DESKTOP-M50Q44R","System.Byte[]","942","(0)","0","Information","The client has sent an activation request to the key management service machine.
Info:
0xC0020017, 0x00000000, promethium.champlain.edu:1688, be76e034-6561-414b-b75a-2306349cc9d0, 2023/11/16 00:30, 1, 5, 0, 32d2fab3-e4a8-42c2-923b-4bf4fd13e6ee, 25","Software Protection Platform Service","System.String[]","1073754112","11/15/2023 7:31:07 PM","11/15/2023 7:31:07 PM",,,
"12288","DESKTOP-M50Q44R","System.Byte[]","941","(0)","0","Information","The client has sent an activation request to the key management service machine.
Info:
0xC0020017, 0x00000000, promethium.champlain.edu:1688, be76e034-6561-414b-b75a-2306349cc9d0, 2023/11/16 00:30, 1, 5, 0, 32d2fab3-e4a8-42c2-923b-4bf4fd13e6ee, 25","Software Protection Platform Service","System.String[]","1073754112","11/15/2023 7:30:43 PM","11/15/2023 7:30:43 PM",,,
"8198","DESKTOP-M50Q44R","System.Byte[]","940","(0)","0","Error","License Activation (slui.exe) failed with the following error code:
hr=0x8007267C
Command-line arguments:
RuleId=eeba1977-569e-4571-b639-7623d8bfecc0;Action=AutoActivate;AppId=55c92734-d682-4d71-983e-d6ec3f16059f;SkuId=32d2fab3-e4a8-42c2-923b-4bf4fd13e6ee;NotificationInterval=1440;Trigger=NetworkAvailable","Software Protection Platform Service","System.String[]","3221233670","11/15/2023 7:30:06 PM","11/15/2023 7:30:06 PM",,,
"1003","DESKTOP-M50Q44R","System.Byte[]","939","(0)","0","Information","The Software Protection service has completed licensing status check.
Application Id=55c92734-d682-4d71-983e-d6ec3f16059f
Licensing Status=
1: 0724cb7d-3437-4cb7-93cb-830375d0079d, 1, 0 [(0 [0xC004F014, 0, 0], [(?)(?)(?)(?)(?)(?)(?)(?)])(1 )(2 )(3 )]
2: 135c4b88-f555-4779-abf6-4c1365d279b6, 1, 0 [(0 [0xC004F014, 0, 0], [(?)(?)(?)(?)(?)(?)(?)(?)])(1 )(2 )(3 )]
3: 30a42c86-b7a0-4a34-8c90-ff177cb2acb7, 1, 0 [(0 [0xC004F014, 0, 0], [(?)(?)(?)(?)(?)(?)(?)(?)])(1 )(2 )(3 )]
4: 32d2fab3-e4a8-42c2-923b-4bf4fd13e6ee, 1, 1 [(0 [0xC004E003, 0, 0], [( 2 0xC004F056 0 0 msft:rm/algorithm/volume/1.0 0x00000000 0)( 1 0x00000000)(?)( 2 0xC004F056 0 0 msft:rm/algorithm/volume/1.0 0x00000000 0)(?)(?)(?)(?)])(1 )(2 )(3 [0x00000000, 0, 0], [( 6 0xC004F009 0 0)( 1 0x00000000)( 6 0xC004F009 0 0)(?)(?)(?)( 10 0x00000000 msft:rm/algorithm/flags/1.0)( 11 0x00000000 0xC004F056)])]
5: 60b3ec1b-9545-4921-821f-311b129dd6f6, 1, 0 [(0 [0xC004F014, 0, 0], [(?)(?)(?)(?)(?)(?)(?)(?)])(1 )(2 )(3 )]
6: 632ffa10-3b75-4180-aed9-4e799a44563b, 1, 0 [(0 [0xC004F014, 0, 0], [(?)(?)(?)(?)(?)(?)(?)(?)])(1 )(2 )(3 )]
7: 7a802526-4c94-4bd1-ba14-835a1aca2120, 1, 0 [(0 [0xC004F014, 0, 0], [(?)(?)(?)(?)(?)(?)(?)(?)])(1 )(2 )(3 )]
8: 90da7373-1c51-430b-bf26-c97e9c5cdc31, 1, 0 [(0 [0xC004F014, 0, 0], [(?)(?)(?)(?)(?)(?)(?)(?)])(1 )(2 )(3 )]
9: 97348f2f-bebc-4653-a4bd-18a895d316d9, 1, 0 [(0 [0xC004F014, 0, 0], [(?)(?)(?)(?)(?)(?)(?)(?)])(1 )(2 )(3 )]
10: d06934ee-5448-4fd1-964a-cd077618aa06, 1, 0 [(0 [0xC004F014, 0, 0], [(?)(?)(?)(?)(?)(?)(?)(?)])(1 )(2 )(3 )]
11: d552befb-48cc-4327-8f39-47d2d94f987c, 1, 0 [(0 [0xC004F014, 0, 0], [(?)(?)(?)(?)(?)(?)(?)(?)])(1 )(2 )(3 )]
12: ed655016-a9e8-4434-95d9-4345352c2552, 1, 0 [(0 [0xC004F014, 0, 0], [(?)(?)(?)(?)(?)(?)(?)(?)])(1 )(2 )(3 )]

","Software Protection Platform Service","System.String[]","1073742827","11/15/2023 7:30:06 PM","11/15/2023 7:30:06 PM",,,
"1003","DESKTOP-M50Q44R","System.Byte[]","938","(0)","0","Information","The Software Protection service has completed licensing status check.
Application Id=55c92734-d682-4d71-983e-d6ec3f16059f
Licensing Status=
1: 0724cb7d-3437-4cb7-93cb-830375d0079d, 1, 0 [(0 [0xC004F014, 0, 0], [(?)(?)(?)(?)(?)(?)(?)(?)])(1 )(2 )(3 )]
2: 135c4b88-f555-4779-abf6-4c1365d279b6, 1, 0 [(0 [0xC004F014, 0, 0], [(?)(?)(?)(?)(?)(?)(?)(?)])(1 )(2 )(3 )]
3: 30a42c86-b7a0-4a34-8c90-ff177cb2acb7, 1, 0 [(0 [0xC004F014, 0, 0], [(?)(?)(?)(?)(?)(?)(?)(?)])(1 )(2 )(3 )]
4: 32d2fab3-e4a8-42c2-923b-4bf4fd13e6ee, 1, 1 [(0 [0xC004E003, 0, 0], [( 2 0xC004F056 0 0 msft:rm/algorithm/volume/1.0 0x00000000 0)( 1 0x00000000)(?)( 2 0xC004F056 0 0 msft:rm/algorithm/volume/1.0 0x00000000 0)(?)(?)(?)(?)])(1 )(2 )(3 [0x00000000, 0, 0], [( 6 0xC004F009 0 0)( 1 0x00000000)( 6 0xC004F009 0 0)(?)(?)(?)( 10 0x00000000 msft:rm/algorithm/flags/1.0)( 11 0x00000000 0xC004F056)])]
5: 60b3ec1b-9545-4921-821f-311b129dd6f6, 1, 0 [(0 [0xC004F014, 0, 0], [(?)(?)(?)(?)(?)(?)(?)(?)])(1 )(2 )(3 )]
6: 632ffa10-3b75-4180-aed9-4e799a44563b, 1, 0 [(0 [0xC004F014, 0, 0], [(?)(?)(?)(?)(?)(?)(?)(?)])(1 )(2 )(3 )]
7: 7a802526-4c94-4bd1-ba14-835a1aca2120, 1, 0 [(0 [0xC004F014, 0, 0], [(?)(?)(?)(?)(?)(?)(?)(?)])(1 )(2 )(3 )]
8: 90da7373-1c51-430b-bf26-c97e9c5cdc31, 1, 0 [(0 [0xC004F014, 0, 0], [(?)(?)(?)(?)(?)(?)(?)(?)])(1 )(2 )(3 )]
9: 97348f2f-bebc-4653-a4bd-18a895d316d9, 1, 0 [(0 [0xC004F014, 0, 0], [(?)(?)(?)(?)(?)(?)(?)(?)])(1 )(2 )(3 )]
10: d06934ee-5448-4fd1-964a-cd077618aa06, 1, 0 [(0 [0xC004F014, 0, 0], [(?)(?)(?)(?)(?)(?)(?)(?)])(1 )(2 )(3 )]
11: d552befb-48cc-4327-8f39-47d2d94f987c, 1, 0 [(0 [0xC004F014, 0, 0], [(?)(?)(?)(?)(?)(?)(?)(?)])(1 )(2 )(3 )]
12: ed655016-a9e8-4434-95d9-4345352c2552, 1, 0 [(0 [0xC004F014, 0, 0], [(?)(?)(?)(?)(?)(?)(?)(?)])(1 )(2 )(3 )]

","Software Protection Platform Service","System.String[]","1073742827","11/15/2023 7:30:05 PM","11/15/2023 7:30:05 PM",,,
"16394","DESKTOP-M50Q44R","System.Byte[]","937","(0)","0","Information","Offline downlevel migration succeeded.","Software Protection Platform Service","System.String[]","3221241866","11/15/2023 7:30:04 PM","11/15/2023 7:30:04 PM",,,
"15","DESKTOP-M50Q44R","System.Byte[]","936","(0)","0","Information","Updated Windows Defender status successfully to SECURITY_PRODUCT_STATE_ON.","SecurityCenter","System.String[]","15","11/15/2023 7:30:00 PM","11/15/2023 7:30:00 PM",,,
"15","DESKTOP-M50Q44R","System.Byte[]","935","(0)","0","Information","Updated Windows Defender status successfully to SECURITY_PRODUCT_STATE_ON.","SecurityCenter","System.String[]","15","11/15/2023 7:30:00 PM","11/15/2023 7:30:00 PM",,,
"15","DESKTOP-M50Q44R","System.Byte[]","934","(0)","0","Information","Updated Windows Defender status successfully to SECURITY_PRODUCT_STATE_ON.","SecurityCenter","System.String[]","15","11/15/2023 7:29:39 PM","11/15/2023 7:29:39 PM",,,
"15","DESKTOP-M50Q44R","System.Byte[]","933","(0)","0","Information","Updated Windows Defender status successfully to SECURITY_PRODUCT_STATE_ON.","SecurityCenter","System.String[]","15","11/15/2023 7:29:39 PM","11/15/2023 7:29:39 PM",,,
"16384","DESKTOP-M50Q44R","System.Byte[]","932","(0)","0","Information","Successfully scheduled Software Protection service for re-start at 2023-11-17T00:16:17Z. Reason: RulesEngine.","Software Protection Platform Service","System.String[]","1073758208","11/15/2023 7:27:17 PM","11/15/2023 7:27:17 PM",,,
"15","DESKTOP-M50Q44R","System.Byte[]","931","(0)","0","Information","Updated Windows Defender status successfully to SECURITY_PRODUCT_STATE_ON.","SecurityCenter","System.String[]","15","11/15/2023 7:26:57 PM","11/15/2023 7:26:57 PM",,,
"15","DESKTOP-M50Q44R","System.Byte[]","930","(0)","0","Information","Updated Windows Defender status successfully to SECURITY_PRODUCT_STATE_ON.","SecurityCenter","System.String[]","15","11/15/2023 7:26:57 PM","11/15/2023 7:26:57 PM",,,
"16394","DESKTOP-M50Q44R","System.Byte[]","929","(0)","0","Information","Offline downlevel migration succeeded.","Software Protection Platform Service","System.String[]","3221241866","11/15/2023 7:26:40 PM","11/15/2023 7:26:40 PM",,,
"16384","DESKTOP-M50Q44R","System.Byte[]","928","(0)","0","Information","Successfully scheduled Software Protection service for re-start at 2023-11-17T00:15:58Z. Reason: RulesEngine.","Software Protection Platform Service","System.String[]","1073758208","11/15/2023 7:17:58 PM","11/15/2023 7:17:58 PM",,,
"8198","DESKTOP-M50Q44R","System.Byte[]","927","(0)","0","Error","License Activation (slui.exe) failed with the following error code:
hr=0xC004F074
Command-line arguments:
RuleId=eeba1977-569e-4571-b639-7623d8bfecc0;Action=AutoActivate;AppId=55c92734-d682-4d71-983e-d6ec3f16059f;SkuId=32d2fab3-e4a8-42c2-923b-4bf4fd13e6ee;NotificationInterval=1440;Trigger=TimerEvent","Software Protection Platform Service","System.String[]","3221233670","11/15/2023 7:17:28 PM","11/15/2023 7:17:28 PM",,,
"1003","DESKTOP-M50Q44R","System.Byte[]","926","(0)","0","Information","The Software Protection service has completed licensing status check.
Application Id=55c92734-d682-4d71-983e-d6ec3f16059f
Licensing Status=
1: 0724cb7d-3437-4cb7-93cb-830375d0079d, 1, 0 [(0 [0xC004F014, 0, 0], [(?)(?)(?)(?)(?)(?)(?)(?)])(1 )(2 )(3 )]
2: 135c4b88-f555-4779-abf6-4c1365d279b6, 1, 0 [(0 [0xC004F014, 0, 0], [(?)(?)(?)(?)(?)(?)(?)(?)])(1 )(2 )(3 )]
3: 30a42c86-b7a0-4a34-8c90-ff177cb2acb7, 1, 0 [(0 [0xC004F014, 0, 0], [(?)(?)(?)(?)(?)(?)(?)(?)])(1 )(2 )(3 )]
4: 32d2fab3-e4a8-42c2-923b-4bf4fd13e6ee, 1, 1 [(0 [0xC004E003, 0, 0], [( 2 0xC004F056 0 0 msft:rm/algorithm/volume/1.0 0x00000000 0)( 1 0x00000000)(?)( 2 0xC004F056 0 0 msft:rm/algorithm/volume/1.0 0x00000000 0)(?)(?)(?)(?)])(1 )(2 )(3 [0x00000000, 0, 0], [( 6 0xC004F009 0 0)( 1 0x00000000)( 6 0xC004F009 0 0)(?)(?)(?)( 10 0x00000000 msft:rm/algorithm/flags/1.0)( 11 0x00000000 0xC004F056)])]
5: 60b3ec1b-9545-4921-821f-311b129dd6f6, 1, 0 [(0 [0xC004F014, 0, 0], [(?)(?)(?)(?)(?)(?)(?)(?)])(1 )(2 )(3 )]
6: 632ffa10-3b75-4180-aed9-4e799a44563b, 1, 0 [(0 [0xC004F014, 0, 0], [(?)(?)(?)(?)(?)(?)(?)(?)])(1 )(2 )(3 )]
7: 7a802526-4c94-4bd1-ba14-835a1aca2120, 1, 0 [(0 [0xC004F014, 0, 0], [(?)(?)(?)(?)(?)(?)(?)(?)])(1 )(2 )(3 )]
8: 90da7373-1c51-430b-bf26-c97e9c5cdc31, 1, 0 [(0 [0xC004F014, 0, 0], [(?)(?)(?)(?)(?)(?)(?)(?)])(1 )(2 )(3 )]
9: 97348f2f-bebc-4653-a4bd-18a895d316d9, 1, 0 [(0 [0xC004F014, 0, 0], [(?)(?)(?)(?)(?)(?)(?)(?)])(1 )(2 )(3 )]
10: d06934ee-5448-4fd1-964a-cd077618aa06, 1, 0 [(0 [0xC004F014, 0, 0], [(?)(?)(?)(?)(?)(?)(?)(?)])(1 )(2 )(3 )]
11: d552befb-48cc-4327-8f39-47d2d94f987c, 1, 0 [(0 [0xC004F014, 0, 0], [(?)(?)(?)(?)(?)(?)(?)(?)])(1 )(2 )(3 )]
12: ed655016-a9e8-4434-95d9-4345352c2552, 1, 0 [(0 [0xC004F014, 0, 0], [(?)(?)(?)(?)(?)(?)(?)(?)])(1 )(2 )(3 )]

","Software Protection Platform Service","System.String[]","1073742827","11/15/2023 7:17:28 PM","11/15/2023 7:17:28 PM",,,
"1003","DESKTOP-M50Q44R","System.Byte[]","925","(0)","0","Information","The Software Protection service has completed licensing status check.
Application Id=55c92734-d682-4d71-983e-d6ec3f16059f
Licensing Status=
1: 0724cb7d-3437-4cb7-93cb-830375d0079d, 1, 0 [(0 [0xC004F014, 0, 0], [(?)(?)(?)(?)(?)(?)(?)(?)])(1 )(2 )(3 )]
2: 135c4b88-f555-4779-abf6-4c1365d279b6, 1, 0 [(0 [0xC004F014, 0, 0], [(?)(?)(?)(?)(?)(?)(?)(?)])(1 )(2 )(3 )]
3: 30a42c86-b7a0-4a34-8c90-ff177cb2acb7, 1, 0 [(0 [0xC004F014, 0, 0], [(?)(?)(?)(?)(?)(?)(?)(?)])(1 )(2 )(3 )]
4: 32d2fab3-e4a8-42c2-923b-4bf4fd13e6ee, 1, 1 [(0 [0xC004E003, 0, 0], [( 2 0xC004F056 0 0 msft:rm/algorithm/volume/1.0 0x00000000 0)( 1 0x00000000)(?)( 2 0xC004F056 0 0 msft:rm/algorithm/volume/1.0 0x00000000 0)(?)(?)(?)(?)])(1 )(2 )(3 [0x00000000, 0, 0], [( 6 0xC004F009 0 0)( 1 0x00000000)( 6 0xC004F009 0 0)(?)(?)(?)( 10 0x00000000 msft:rm/algorithm/flags/1.0)( 11 0x00000000 0xC004F056)])]
5: 60b3ec1b-9545-4921-821f-311b129dd6f6, 1, 0 [(0 [0xC004F014, 0, 0], [(?)(?)(?)(?)(?)(?)(?)(?)])(1 )(2 )(3 )]
6: 632ffa10-3b75-4180-aed9-4e799a44563b, 1, 0 [(0 [0xC004F014, 0, 0], [(?)(?)(?)(?)(?)(?)(?)(?)])(1 )(2 )(3 )]
7: 7a802526-4c94-4bd1-ba14-835a1aca2120, 1, 0 [(0 [0xC004F014, 0, 0], [(?)(?)(?)(?)(?)(?)(?)(?)])(1 )(2 )(3 )]
8: 90da7373-1c51-430b-bf26-c97e9c5cdc31, 1, 0 [(0 [0xC004F014, 0, 0], [(?)(?)(?)(?)(?)(?)(?)(?)])(1 )(2 )(3 )]
9: 97348f2f-bebc-4653-a4bd-18a895d316d9, 1, 0 [(0 [0xC004F014, 0, 0], [(?)(?)(?)(?)(?)(?)(?)(?)])(1 )(2 )(3 )]
10: d06934ee-5448-4fd1-964a-cd077618aa06, 1, 0 [(0 [0xC004F014, 0, 0], [(?)(?)(?)(?)(?)(?)(?)(?)])(1 )(2 )(3 )]
11: d552befb-48cc-4327-8f39-47d2d94f987c, 1, 0 [(0 [0xC004F014, 0, 0], [(?)(?)(?)(?)(?)(?)(?)(?)])(1 )(2 )(3 )]
12: ed655016-a9e8-4434-95d9-4345352c2552, 1, 0 [(0 [0xC004F014, 0, 0], [(?)(?)(?)(?)(?)(?)(?)(?)])(1 )(2 )(3 )]

","Software Protection Platform Service","System.String[]","1073742827","11/15/2023 7:17:28 PM","11/15/2023 7:17:28 PM",,,
"12288","DESKTOP-M50Q44R","System.Byte[]","924","(0)","0","Information","The client has sent an activation request to the key management service machine.
Info:
0xC0020017, 0x00000000, promethium.champlain.edu:1688, be76e034-6561-414b-b75a-2306349cc9d0, 2023/11/16 00:17, 1, 5, 0, 32d2fab3-e4a8-42c2-923b-4bf4fd13e6ee, 25","Software Protection Platform Service","System.String[]","1073754112","11/15/2023 7:17:28 PM","11/15/2023 7:17:28 PM",,,
"12288","DESKTOP-M50Q44R","System.Byte[]","923","(0)","0","Information","The client has sent an activation request to the key management service machine.
Info:
0xC0020017, 0x00000000, promethium.champlain.edu:1688, be76e034-6561-414b-b75a-2306349cc9d0, 2023/11/16 00:16, 1, 5, 0, 32d2fab3-e4a8-42c2-923b-4bf4fd13e6ee, 25","Software Protection Platform Service","System.String[]","1073754112","11/15/2023 7:17:05 PM","11/15/2023 7:17:05 PM",,,
"16394","DESKTOP-M50Q44R","System.Byte[]","922","(0)","0","Information","Offline downlevel migration succeeded.","Software Protection Platform Service","System.String[]","3221241866","11/15/2023 7:16:41 PM","11/15/2023 7:16:41 PM",,,
"16384","DESKTOP-M50Q44R","System.Byte[]","921","(0)","0","Information","Successfully scheduled Software Protection service for re-start at 2023-11-15T13:54:23Z. Reason: RulesEngine.","Software Protection Platform Service","System.String[]","1073758208","11/14/2023 1:04:23 PM","11/14/2023 1:04:23 PM",,,
"15","DESKTOP-M50Q44R","System.Byte[]","920","(0)","0","Information","Updated Windows Defender status successfully to SECURITY_PRODUCT_STATE_ON.","SecurityCenter","System.String[]","15","11/14/2023 1:04:05 PM","11/14/2023 1:04:05 PM",,,
"15","DESKTOP-M50Q44R","System.Byte[]","919","(0)","0","Information","Updated Windows Defender status successfully to SECURITY_PRODUCT_STATE_ON.","SecurityCenter","System.String[]","15","11/14/2023 1:04:05 PM","11/14/2023 1:04:05 PM",,,
"16394","DESKTOP-M50Q44R","System.Byte[]","918","(0)","0","Information","Offline downlevel migration succeeded.","Software Protection Platform Service","System.String[]","3221241866","11/14/2023 1:03:43 PM","11/14/2023 1:03:43 PM",,,
"0","DESKTOP-M50Q44R","System.Byte[]","917","(0)","0","Information","The description for Event ID '0' in Source 'gupdate' cannot be found.  The local computer may not have the necessary registry information or message DLL files to display the message, or you may not have permission to access them.  The following information is part of the event:'Service stopped'","gupdate","System.String[]","0","11/14/2023 1:02:50 PM","11/14/2023 1:02:50 PM",,,
"16384","DESKTOP-M50Q44R","System.Byte[]","916","(0)","0","Information","Successfully scheduled Software Protection service for re-start at 2023-11-15T13:54:08Z. Reason: RulesEngine.","Software Protection Platform Service","System.String[]","1073758208","11/14/2023 8:56:08 AM","11/14/2023 8:56:08 AM",,,
"8198","DESKTOP-M50Q44R","System.Byte[]","915","(0)","0","Error","License Activation (slui.exe) failed with the following error code:
hr=0xC004F074
Command-line arguments:
RuleId=eeba1977-569e-4571-b639-7623d8bfecc0;Action=AutoActivate;AppId=55c92734-d682-4d71-983e-d6ec3f16059f;SkuId=32d2fab3-e4a8-42c2-923b-4bf4fd13e6ee;NotificationInterval=1440;Trigger=TimerEvent","Software Protection Platform Service","System.String[]","3221233670","11/14/2023 8:55:38 AM","11/14/2023 8:55:38 AM",,,
"1003","DESKTOP-M50Q44R","System.Byte[]","914","(0)","0","Information","The Software Protection service has completed licensing status check.
Application Id=55c92734-d682-4d71-983e-d6ec3f16059f
Licensing Status=
1: 0724cb7d-3437-4cb7-93cb-830375d0079d, 1, 0 [(0 [0xC004F014, 0, 0], [(?)(?)(?)(?)(?)(?)(?)(?)])(1 )(2 )(3 )]
2: 135c4b88-f555-4779-abf6-4c1365d279b6, 1, 0 [(0 [0xC004F014, 0, 0], [(?)(?)(?)(?)(?)(?)(?)(?)])(1 )(2 )(3 )]
3: 30a42c86-b7a0-4a34-8c90-ff177cb2acb7, 1, 0 [(0 [0xC004F014, 0, 0], [(?)(?)(?)(?)(?)(?)(?)(?)])(1 )(2 )(3 )]
4: 32d2fab3-e4a8-42c2-923b-4bf4fd13e6ee, 1, 1 [(0 [0xC004E003, 0, 0], [( 2 0xC004F056 0 0 msft:rm/algorithm/volume/1.0 0x00000000 0)( 1 0x00000000)(?)( 2 0xC004F056 0 0 msft:rm/algorithm/volume/1.0 0x00000000 0)(?)(?)(?)(?)])(1 )(2 )(3 [0x00000000, 0, 0], [( 6 0xC004F009 0 0)( 1 0x00000000)( 6 0xC004F009 0 0)(?)(?)(?)( 10 0x00000000 msft:rm/algorithm/flags/1.0)( 11 0x00000000 0xC004F056)])]
5: 60b3ec1b-9545-4921-821f-311b129dd6f6, 1, 0 [(0 [0xC004F014, 0, 0], [(?)(?)(?)(?)(?)(?)(?)(?)])(1 )(2 )(3 )]
6: 632ffa10-3b75-4180-aed9-4e799a44563b, 1, 0 [(0 [0xC004F014, 0, 0], [(?)(?)(?)(?)(?)(?)(?)(?)])(1 )(2 )(3 )]
7: 7a802526-4c94-4bd1-ba14-835a1aca2120, 1, 0 [(0 [0xC004F014, 0, 0], [(?)(?)(?)(?)(?)(?)(?)(?)])(1 )(2 )(3 )]
8: 90da7373-1c51-430b-bf26-c97e9c5cdc31, 1, 0 [(0 [0xC004F014, 0, 0], [(?)(?)(?)(?)(?)(?)(?)(?)])(1 )(2 )(3 )]
9: 97348f2f-bebc-4653-a4bd-18a895d316d9, 1, 0 [(0 [0xC004F014, 0, 0], [(?)(?)(?)(?)(?)(?)(?)(?)])(1 )(2 )(3 )]
10: d06934ee-5448-4fd1-964a-cd077618aa06, 1, 0 [(0 [0xC004F014, 0, 0], [(?)(?)(?)(?)(?)(?)(?)(?)])(1 )(2 )(3 )]
11: d552befb-48cc-4327-8f39-47d2d94f987c, 1, 0 [(0 [0xC004F014, 0, 0], [(?)(?)(?)(?)(?)(?)(?)(?)])(1 )(2 )(3 )]
12: ed655016-a9e8-4434-95d9-4345352c2552, 1, 0 [(0 [0xC004F014, 0, 0], [(?)(?)(?)(?)(?)(?)(?)(?)])(1 )(2 )(3 )]

","Software Protection Platform Service","System.String[]","1073742827","11/14/2023 8:55:38 AM","11/14/2023 8:55:38 AM",,,
"1003","DESKTOP-M50Q44R","System.Byte[]","913","(0)","0","Information","The Software Protection service has completed licensing status check.
Application Id=55c92734-d682-4d71-983e-d6ec3f16059f
Licensing Status=
1: 0724cb7d-3437-4cb7-93cb-830375d0079d, 1, 0 [(0 [0xC004F014, 0, 0], [(?)(?)(?)(?)(?)(?)(?)(?)])(1 )(2 )(3 )]
2: 135c4b88-f555-4779-abf6-4c1365d279b6, 1, 0 [(0 [0xC004F014, 0, 0], [(?)(?)(?)(?)(?)(?)(?)(?)])(1 )(2 )(3 )]
3: 30a42c86-b7a0-4a34-8c90-ff177cb2acb7, 1, 0 [(0 [0xC004F014, 0, 0], [(?)(?)(?)(?)(?)(?)(?)(?)])(1 )(2 )(3 )]
4: 32d2fab3-e4a8-42c2-923b-4bf4fd13e6ee, 1, 1 [(0 [0xC004E003, 0, 0], [( 2 0xC004F056 0 0 msft:rm/algorithm/volume/1.0 0x00000000 0)( 1 0x00000000)(?)( 2 0xC004F056 0 0 msft:rm/algorithm/volume/1.0 0x00000000 0)(?)(?)(?)(?)])(1 )(2 )(3 [0x00000000, 0, 0], [( 6 0xC004F009 0 0)( 1 0x00000000)( 6 0xC004F009 0 0)(?)(?)(?)( 10 0x00000000 msft:rm/algorithm/flags/1.0)( 11 0x00000000 0xC004F056)])]
5: 60b3ec1b-9545-4921-821f-311b129dd6f6, 1, 0 [(0 [0xC004F014, 0, 0], [(?)(?)(?)(?)(?)(?)(?)(?)])(1 )(2 )(3 )]
6: 632ffa10-3b75-4180-aed9-4e799a44563b, 1, 0 [(0 [0xC004F014, 0, 0], [(?)(?)(?)(?)(?)(?)(?)(?)])(1 )(2 )(3 )]
7: 7a802526-4c94-4bd1-ba14-835a1aca2120, 1, 0 [(0 [0xC004F014, 0, 0], [(?)(?)(?)(?)(?)(?)(?)(?)])(1 )(2 )(3 )]
8: 90da7373-1c51-430b-bf26-c97e9c5cdc31, 1, 0 [(0 [0xC004F014, 0, 0], [(?)(?)(?)(?)(?)(?)(?)(?)])(1 )(2 )(3 )]
9: 97348f2f-bebc-4653-a4bd-18a895d316d9, 1, 0 [(0 [0xC004F014, 0, 0], [(?)(?)(?)(?)(?)(?)(?)(?)])(1 )(2 )(3 )]
10: d06934ee-5448-4fd1-964a-cd077618aa06, 1, 0 [(0 [0xC004F014, 0, 0], [(?)(?)(?)(?)(?)(?)(?)(?)])(1 )(2 )(3 )]
11: d552befb-48cc-4327-8f39-47d2d94f987c, 1, 0 [(0 [0xC004F014, 0, 0], [(?)(?)(?)(?)(?)(?)(?)(?)])(1 )(2 )(3 )]
12: ed655016-a9e8-4434-95d9-4345352c2552, 1, 0 [(0 [0xC004F014, 0, 0], [(?)(?)(?)(?)(?)(?)(?)(?)])(1 )(2 )(3 )]

","Software Protection Platform Service","System.String[]","1073742827","11/14/2023 8:55:38 AM","11/14/2023 8:55:38 AM",,,
"12288","DESKTOP-M50Q44R","System.Byte[]","912","(0)","0","Information","The client has sent an activation request to the key management service machine.
Info:
0xC0020017, 0x00000000, promethium.champlain.edu:1688, be76e034-6561-414b-b75a-2306349cc9d0, 2023/11/14 13:55, 1, 5, 0, 32d2fab3-e4a8-42c2-923b-4bf4fd13e6ee, 25","Software Protection Platform Service","System.String[]","1073754112","11/14/2023 8:55:38 AM","11/14/2023 8:55:38 AM",,,
"12288","DESKTOP-M50Q44R","System.Byte[]","911","(0)","0","Information","The client has sent an activation request to the key management service machine.
Info:
0xC0020017, 0x00000000, promethium.champlain.edu:1688, be76e034-6561-414b-b75a-2306349cc9d0, 2023/11/14 13:54, 1, 5, 0, 32d2fab3-e4a8-42c2-923b-4bf4fd13e6ee, 25","Software Protection Platform Service","System.String[]","1073754112","11/14/2023 8:55:15 AM","11/14/2023 8:55:15 AM",,,
"0","DESKTOP-M50Q44R","System.Byte[]","910","(0)","0","Information","The description for Event ID '0' in Source 'gupdate' cannot be found.  The local computer may not have the necessary registry information or message DLL files to display the message, or you may not have permission to access them.  The following information is part of the event:'Service stopped'","gupdate","System.String[]","0","11/14/2023 8:55:01 AM","11/14/2023 8:55:01 AM",,,
"8198","DESKTOP-M50Q44R","System.Byte[]","909","(0)","0","Error","License Activation (slui.exe) failed with the following error code:
hr=0xC004F074
Command-line arguments:
RuleId=eeba1977-569e-4571-b639-7623d8bfecc0;Action=AutoActivate;AppId=55c92734-d682-4d71-983e-d6ec3f16059f;SkuId=32d2fab3-e4a8-42c2-923b-4bf4fd13e6ee;NotificationInterval=1440;Trigger=TimerEvent","Software Protection Platform Service","System.String[]","3221233670","11/14/2023 8:54:58 AM","11/14/2023 8:54:58 AM",,,
"1003","DESKTOP-M50Q44R","System.Byte[]","908","(0)","0","Information","The Software Protection service has completed licensing status check.
Application Id=55c92734-d682-4d71-983e-d6ec3f16059f
Licensing Status=
1: 0724cb7d-3437-4cb7-93cb-830375d0079d, 1, 0 [(0 [0xC004F014, 0, 0], [(?)(?)(?)(?)(?)(?)(?)(?)])(1 )(2 )(3 )]
2: 135c4b88-f555-4779-abf6-4c1365d279b6, 1, 0 [(0 [0xC004F014, 0, 0], [(?)(?)(?)(?)(?)(?)(?)(?)])(1 )(2 )(3 )]
3: 30a42c86-b7a0-4a34-8c90-ff177cb2acb7, 1, 0 [(0 [0xC004F014, 0, 0], [(?)(?)(?)(?)(?)(?)(?)(?)])(1 )(2 )(3 )]
4: 32d2fab3-e4a8-42c2-923b-4bf4fd13e6ee, 1, 1 [(0 [0xC004E003, 0, 0], [( 2 0xC004F056 0 0 msft:rm/algorithm/volume/1.0 0x00000000 0)( 1 0x00000000)(?)( 2 0xC004F056 0 0 msft:rm/algorithm/volume/1.0 0x00000000 0)(?)(?)(?)(?)])(1 )(2 )(3 [0x00000000, 0, 0], [( 6 0xC004F009 0 0)( 1 0x00000000)( 6 0xC004F009 0 0)(?)(?)(?)( 10 0x00000000 msft:rm/algorithm/flags/1.0)( 11 0x00000000 0xC004F056)])]
5: 60b3ec1b-9545-4921-821f-311b129dd6f6, 1, 0 [(0 [0xC004F014, 0, 0], [(?)(?)(?)(?)(?)(?)(?)(?)])(1 )(2 )(3 )]
6: 632ffa10-3b75-4180-aed9-4e799a44563b, 1, 0 [(0 [0xC004F014, 0, 0], [(?)(?)(?)(?)(?)(?)(?)(?)])(1 )(2 )(3 )]
7: 7a802526-4c94-4bd1-ba14-835a1aca2120, 1, 0 [(0 [0xC004F014, 0, 0], [(?)(?)(?)(?)(?)(?)(?)(?)])(1 )(2 )(3 )]
8: 90da7373-1c51-430b-bf26-c97e9c5cdc31, 1, 0 [(0 [0xC004F014, 0, 0], [(?)(?)(?)(?)(?)(?)(?)(?)])(1 )(2 )(3 )]
9: 97348f2f-bebc-4653-a4bd-18a895d316d9, 1, 0 [(0 [0xC004F014, 0, 0], [(?)(?)(?)(?)(?)(?)(?)(?)])(1 )(2 )(3 )]
10: d06934ee-5448-4fd1-964a-cd077618aa06, 1, 0 [(0 [0xC004F014, 0, 0], [(?)(?)(?)(?)(?)(?)(?)(?)])(1 )(2 )(3 )]
11: d552befb-48cc-4327-8f39-47d2d94f987c, 1, 0 [(0 [0xC004F014, 0, 0], [(?)(?)(?)(?)(?)(?)(?)(?)])(1 )(2 )(3 )]
12: ed655016-a9e8-4434-95d9-4345352c2552, 1, 0 [(0 [0xC004F014, 0, 0], [(?)(?)(?)(?)(?)(?)(?)(?)])(1 )(2 )(3 )]

","Software Protection Platform Service","System.String[]","1073742827","11/14/2023 8:54:58 AM","11/14/2023 8:54:58 AM",,,
"1003","DESKTOP-M50Q44R","System.Byte[]","907","(0)","0","Information","The Software Protection service has completed licensing status check.
Application Id=55c92734-d682-4d71-983e-d6ec3f16059f
Licensing Status=
1: 0724cb7d-3437-4cb7-93cb-830375d0079d, 1, 0 [(0 [0xC004F014, 0, 0], [(?)(?)(?)(?)(?)(?)(?)(?)])(1 )(2 )(3 )]
2: 135c4b88-f555-4779-abf6-4c1365d279b6, 1, 0 [(0 [0xC004F014, 0, 0], [(?)(?)(?)(?)(?)(?)(?)(?)])(1 )(2 )(3 )]
3: 30a42c86-b7a0-4a34-8c90-ff177cb2acb7, 1, 0 [(0 [0xC004F014, 0, 0], [(?)(?)(?)(?)(?)(?)(?)(?)])(1 )(2 )(3 )]
4: 32d2fab3-e4a8-42c2-923b-4bf4fd13e6ee, 1, 1 [(0 [0xC004E003, 0, 0], [( 2 0xC004F056 0 0 msft:rm/algorithm/volume/1.0 0x00000000 0)( 1 0x00000000)(?)( 2 0xC004F056 0 0 msft:rm/algorithm/volume/1.0 0x00000000 0)(?)(?)(?)(?)])(1 )(2 )(3 [0x00000000, 0, 0], [( 6 0xC004F009 0 0)( 1 0x00000000)( 6 0xC004F009 0 0)(?)(?)(?)( 10 0x00000000 msft:rm/algorithm/flags/1.0)( 11 0x00000000 0xC004F056)])]
5: 60b3ec1b-9545-4921-821f-311b129dd6f6, 1, 0 [(0 [0xC004F014, 0, 0], [(?)(?)(?)(?)(?)(?)(?)(?)])(1 )(2 )(3 )]
6: 632ffa10-3b75-4180-aed9-4e799a44563b, 1, 0 [(0 [0xC004F014, 0, 0], [(?)(?)(?)(?)(?)(?)(?)(?)])(1 )(2 )(3 )]
7: 7a802526-4c94-4bd1-ba14-835a1aca2120, 1, 0 [(0 [0xC004F014, 0, 0], [(?)(?)(?)(?)(?)(?)(?)(?)])(1 )(2 )(3 )]
8: 90da7373-1c51-430b-bf26-c97e9c5cdc31, 1, 0 [(0 [0xC004F014, 0, 0], [(?)(?)(?)(?)(?)(?)(?)(?)])(1 )(2 )(3 )]
9: 97348f2f-bebc-4653-a4bd-18a895d316d9, 1, 0 [(0 [0xC004F014, 0, 0], [(?)(?)(?)(?)(?)(?)(?)(?)])(1 )(2 )(3 )]
10: d06934ee-5448-4fd1-964a-cd077618aa06, 1, 0 [(0 [0xC004F014, 0, 0], [(?)(?)(?)(?)(?)(?)(?)(?)])(1 )(2 )(3 )]
11: d552befb-48cc-4327-8f39-47d2d94f987c, 1, 0 [(0 [0xC004F014, 0, 0], [(?)(?)(?)(?)(?)(?)(?)(?)])(1 )(2 )(3 )]
12: ed655016-a9e8-4434-95d9-4345352c2552, 1, 0 [(0 [0xC004F014, 0, 0], [(?)(?)(?)(?)(?)(?)(?)(?)])(1 )(2 )(3 )]

","Software Protection Platform Service","System.String[]","1073742827","11/14/2023 8:54:58 AM","11/14/2023 8:54:58 AM",,,
"12288","DESKTOP-M50Q44R","System.Byte[]","906","(0)","0","Information","The client has sent an activation request to the key management service machine.
Info:
0xC0020017, 0x00000000, promethium.champlain.edu:1688, be76e034-6561-414b-b75a-2306349cc9d0, 2023/11/10 13:54, 1, 5, 0, 32d2fab3-e4a8-42c2-923b-4bf4fd13e6ee, 25","Software Protection Platform Service","System.String[]","1073754112","11/14/2023 8:54:58 AM","11/14/2023 8:54:58 AM",,,
"12288","DESKTOP-M50Q44R","System.Byte[]","905","(0)","0","Information","The client has sent an activation request to the key management service machine.
Info:
0xC0020017, 0x00000000, promethium.champlain.edu:1688, be76e034-6561-414b-b75a-2306349cc9d0, 2023/11/10 13:54, 1, 5, 0, 32d2fab3-e4a8-42c2-923b-4bf4fd13e6ee, 25","Software Protection Platform Service","System.String[]","1073754112","11/10/2023 8:54:42 AM","11/10/2023 8:54:42 AM",,,
